{
  "sounds": {
    "nether.nether": 0.699999988079071,
    "end.suspense": 0.699999988079071,
    "abyssalcraft-dark.suspense": 0.699999988079071,
    "desert-wind.wind": 1,
    "void-dark.suspense": 0.699999988079071,
    "twilight_forest-dark.suspense": 0.699999988079071,
    "deepcave.cave": 0.699999988079071,
    "planet-wind.wind": 0.699999988079071,
    "underwater.underwater": 0.699999988079071,
    "rain.rain": 0.699999988079071,
    "storm-close.storm-close": 0.699999988079071,
    "storm-close.wind": 0.699999988079071,
    "storm-away.storm-away": 0.699999988079071,
    "storm-away.howling-wind": 0.699999988079071,
    "cave-ambience.suspense": 0.699999988079071,
    "sky.light-wind": 0.699999988079071,
    "forest.bird-ambience": 0.699999988079071,
    "forest.owl": 0.699999988079071,
    "cold-forest.crow": 0.699999988079071,
    "taiga.bird-ambience-huge": 0.699999988079071,
    "highland.heavy-wind": 0.699999988079071,
    "mesa.wind-mesa": 0.699999988079071,
    "roofed-forest.bird-ambience-spooky": 0.699999988079071,
    "grass.cricket": 0.699999988079071,
    "grass.cricket-night": 0.699999988079071,
    "grass.cicadas-night": 0.699999988079071,
    "plains.cricket": 0.699999988079071,
    "plains.cricket-night": 0.699999988079071,
    "plains.cicadas-night": 0.699999988079071,
    "savanna.cricket": 0.699999988079071,
    "savanna.cicadas": 0.699999988079071,
    "savanna.cicadas-desert": 0.699999988079071,
    "savanna.cricket-warm-night": 0.699999988079071,
    "savanna.wolf": 0.699999988079071,
    "savanna.bird-warm": 0.699999988079071,
    "desert.cicadas-desert": 0.699999988079071,
    "desert.light-wind": 0.699999988079071,
    "swamp.cricket-swamp": 0.699999988079071,
    "swamp.cricket-warm-night": 0.699999988079071,
    "swamp.frog": 0.699999988079071,
    "quagmire.cricket-swamp": 1,
    "quagmire.quagmire-cricket-warm-night": 1,
    "quagmire.frog": 1,
    "quagmire.cicadas": 1,
    "quagmire.cicadas-desert": 1,
    "quagmire.dimension-cricket-warm-night": 1,
    "jungle.cricket-jungle": 0.699999988079071,
    "jungle.cricket-jungle-night": 0.699999988079071,
    "jungle.bird-ambience-jungle": 0.699999988079071,
    "jungle.bird-ambience-jungle-night": 0.699999988079071,
    "cold.light-wind": 0.699999988079071,
    "beach.beach": 0.699999988079071,
    "beach.seagull": 0.699999988079071,
    "beach.seagull-long": 0.699999988079071,
    "ocean.ocean": 0.699999988079071,
    "ocean.light-wind": 0.699999988079071
  },
  "dimensions": {
    "nether": 1,
    "the end": 1,
    "abyssalcraft": 1,
    "atum": 1,
    "void": 1,
    "twilight_forest": 1,
    "betweenlands": 1,
    "cave-dimensions": 1,
    "midnight-dimension": 1,
    "silent": 1,
    "galacticraft": 1,
    "galacticraft.planets": 1,
    "underworldbiomes": 1,
    "surface": 1
  },
  "silent-dimensions": []
}